"","x","y","run"
"1",-7.53564182495704,1.78742080675129,"oupvCgP"
"2",4.35143375830484,-0.506274211818228,"oupvCgP"
"3",-0.776634917243156,-10.4195611772402,"oupvCgP"
"4",-4.52964222674219,0.695028201359759,"oupvCgP"
"5",-5.10739914262183,4.91545034232821,"oupvCgP"
"6",-4.49485101778715,0.213526054344007,"oupvCgP"
"7",16.0135842328652,-12.2861390128801,"oupvCgP"
"8",-3.84156416410843,-4.40331681169597,"oupvCgP"
"9",5.01854880490952,-10.4686853302739,"oupvCgP"
"10",8.2764923278369,1.845385651912,"oupvCgP"
"11",6.93627018113321,1.14908644195437,"oupvCgP"
"12",-0.288568148355263,-8.8064081638675,"oupvCgP"
"13",13.579068859841,-7.35247612393853,"oupvCgP"
"14",-6.32817328035362,1.84873846260484,"oupvCgP"
"15",-8.23278016432261,3.53267018817192,"oupvCgP"
"16",-0.644400936744798,-9.20059161582717,"oupvCgP"
"17",-2.80781696825132,0.168822295272087,"oupvCgP"
"18",7.43468172497897,2.97962621723361,"oupvCgP"
"19",8.11604397552809,-2.3788905791876,"oupvCgP"
"20",4.41277607684625,3.59321475524879,"oupvCgP"
"21",5.7598025886969,1.47573919280379,"oupvCgP"
"22",12.6071063572765,4.9262002994623,"oupvCgP"
"23",14.8248604512769,2.35250478982537,"oupvCgP"
"24",6.62380744993259,-0.663693293439175,"oupvCgP"
"25",17.6679978408809,1.50442585248409,"oupvCgP"
"26",2.09505529892294,-7.76684911893089,"oupvCgP"
"27",1.50037669342045,-10.5446775335121,"oupvCgP"
"28",15.3237455604347,-8.87563370884183,"oupvCgP"
"29",11.4199960345563,-3.76543023238755,"oupvCgP"
"30",-0.228978398741664,-9.24949336752815,"oupvCgP"
"31",13.2469657911654,-9.29995112926603,"oupvCgP"
"32",3.33464230315468,1.10772830731528,"oupvCgP"
"33",18.1571736500979,5.71055532335367,"oupvCgP"
"34",-9.60873870386756,-0.361824961226348,"oupvCgP"
"35",11.2670055939236,-4.58391018166462,"oupvCgP"
"36",-10.9354548099151,2.84779062634294,"oupvCgP"
"37",6.41244449218588,0.560413945270476,"oupvCgP"
"38",-0.524514775733325,-7.96512765075129,"oupvCgP"
"39",5.81948526153027,3.51150249038943,"oupvCgP"
"40",8.75752011678471,2.22531123264809,"oupvCgP"
"41",17.3692551029565,5.32145101386286,"oupvCgP"
"42",-0.683256094872684,-8.48473977253167,"oupvCgP"
"43",16.1726804582062,-11.5781930324994,"oupvCgP"
"44",13.4625062142204,-10.0803323820547,"oupvCgP"
"45",8.13144601947322,-0.473582144094873,"oupvCgP"
"46",14.8370975869168,-12.1385289787617,"oupvCgP"
"47",-7.63029880567125,-3.63416494461369,"oupvCgP"
"48",1.82058376787247,-9.45901114233064,"oupvCgP"
"49",0.340752546278218,-11.1877999296558,"oupvCgP"
"50",17.9362202828167,-0.0447784592076155,"oupvCgP"
"51",2.45713859191374,3.19108313593608,"oupvCgP"
"52",15.5678130492535,1.18401010098632,"oupvCgP"
"53",0.202822777154279,-1.13737181838064,"oupvCgP"
"54",1.19679451042475,-10.1610731893654,"oupvCgP"
"55",-6.36299777608784,-2.0237617312456,"oupvCgP"
"56",12.0489256856515,-5.62520298292153,"oupvCgP"
"57",2.25761034014058,-11.9074031157242,"oupvCgP"
"58",14.4826718517263,-1.49046081355989,"oupvCgP"
"59",13.1329951406443,-5.65181226336686,"oupvCgP"
"60",15.7621386997335,-7.32880594726206,"oupvCgP"
"61",6.99350256345213,0.262282511663726,"oupvCgP"
"62",18.9825922277602,2.42233833635049,"oupvCgP"
"63",-7.35679832792063,1.04476123165101,"oupvCgP"
"64",5.04958511705232,-0.590295735925604,"oupvCgP"
"65",-8.63978913822455,-3.27678947119164,"oupvCgP"
"66",3.94295073277284,-10.2531709740241,"oupvCgP"
"67",-3.90780107972555,-4.48408788996603,"oupvCgP"
"68",14.4716143601645,1.13073084038431,"oupvCgP"
"69",21.5948054922818,-1.76134593364326,"oupvCgP"
"70",14.1435140406893,-13.2985298798924,"oupvCgP"
"71",16.0621039927159,6.36496160788152,"oupvCgP"
"72",16.6094142785267,8.99850462626238,"oupvCgP"
"73",6.21722982581138,-1.33939064624968,"oupvCgP"
"74",4.7830072414659,1.77914629358068,"oupvCgP"
"75",0.768410822122884,-8.05989094272623,"oupvCgP"
"76",-8.41872712808898,0.326407338783641,"oupvCgP"
"77",11.5565793701325,-5.51874805015217,"oupvCgP"
"78",3.85611226110189,1.14581721066487,"oupvCgP"
"79",4.05041567570272,1.29266847228389,"oupvCgP"
"80",7.54576186240373,-10.2333171384155,"oupvCgP"
"81",4.87430810547771,0.732975625260219,"oupvCgP"
"82",-5.58344467539605,0.273957874204993,"oupvCgP"
"83",18.9196215525584,2.04281508670778,"oupvCgP"
"84",-5.92858090704667,1.25821887546339,"oupvCgP"
"85",1.72713060467869,-8.28754655108963,"oupvCgP"
"86",-1.99578604631562,-12.177767920443,"oupvCgP"
"87",19.8506154799534,-0.159081504066718,"oupvCgP"
"88",13.4789315431022,-4.94989816301362,"oupvCgP"
"89",10.9532783817481,-6.61740914003408,"oupvCgP"
"90",20.092572112875,6.46225525182143,"oupvCgP"
"91",-7.20906067436733,-3.28864840601003,"oupvCgP"
"92",-1.98820744328451,-7.64664632980143,"oupvCgP"
"93",-0.48292102989505,-9.18529058889873,"oupvCgP"
"94",13.1837520557411,-6.83269511625526,"oupvCgP"
"95",-4.4143912677478,0.6316066484417,"oupvCgP"
"96",1.16896894326716,-7.85421398612384,"oupvCgP"
"97",3.19075048412122,-0.44301603137009,"oupvCgP"
"98",-1.75756290626,-1.52765442311605,"oupvCgP"
"99",22.5648144656226,-0.410348197924354,"oupvCgP"
"100",3.59398335939009,3.00165330024612,"oupvCgP"
"101",5.78102251959299,1.06001490922382,"oupvCgP"
"102",14.7701556974905,6.98049531699344,"oupvCgP"
"103",10.6681862150396,4.21530043598547,"oupvCgP"
"104",6.74762976810843,-1.81651643296069,"oupvCgP"
"105",2.43540406986057,-10.5670251952461,"oupvCgP"
"106",1.58904734337549,-7.88397194355523,"oupvCgP"
"107",0.588368802191132,-12.1400623616614,"oupvCgP"
"108",12.4357083488721,-5.07735257396973,"oupvCgP"
"109",0.885902726703498,-8.03910881018042,"oupvCgP"
"110",3.42913057797396,-9.99985921809294,"oupvCgP"
"111",12.9368076140502,-9.74513411805268,"oupvCgP"
"112",2.17851833010941,-11.050168852632,"oupvCgP"
"113",14.8190649496934,4.80381077132773,"oupvCgP"
"114",13.8082733893878,1.62471044403228,"oupvCgP"
"115",-0.426408938442398,-11.5260216111336,"oupvCgP"
"116",4.47662594614556,-0.297648128555911,"oupvCgP"
"117",16.5558118123927,1.61806582452978,"oupvCgP"
"118",12.5321380209704,-5.0928952597955,"oupvCgP"
"119",4.75616524003191,0.320896209759733,"oupvCgP"
"120",12.2959700642442,-7.19143747966424,"oupvCgP"
"121",-5.39971981626061,-4.90210195368344,"oupvCgP"
"122",-8.65857816089096,3.45331847560072,"oupvCgP"
"123",-3.82839902463928,-2.73296795989553,"oupvCgP"
"124",10.0266232889235,-0.835412615069389,"oupvCgP"
"125",-7.15593750061799,-0.762153695269211,"oupvCgP"
"126",2.75924596343209,-9.67019300986779,"oupvCgP"
"127",-5.97562061994603,-1.93350779853565,"oupvCgP"
"128",-5.17163153179442,-4.21853884194989,"oupvCgP"
"129",7.71909646141527,-2.03645190395474,"oupvCgP"
"130",3.79342097251119,-9.14389191470685,"oupvCgP"
"131",12.0675011162857,-9.87926262459592,"oupvCgP"
"132",-8.70444578189557,-3.93144661210557,"oupvCgP"
"133",1.12975274960832,-11.7074100581188,"oupvCgP"
"134",4.12536771369235,-4.04057784753692,"oupvCgP"
"135",0.0908335047290112,-5.74986667109428,"oupvCgP"
"136",12.8106706044098,-3.85239573409172,"oupvCgP"
"137",14.1713987046843,-8.46148466933228,"oupvCgP"
"138",10.1677546190157,-6.72477867237075,"oupvCgP"
"139",11.2346248116504,-7.94475884163295,"oupvCgP"
"140",-2.2012050671648,1.32021921881168,"oupvCgP"
"141",13.8580322723873,-5.1118889797756,"oupvCgP"
"142",0.126315950364217,-8.43709565226834,"oupvCgP"
"143",-3.74710908993441,-2.24042087126124,"oupvCgP"
"144",12.5400008456512,-8.78872234940585,"oupvCgP"
"145",13.1889489953962,4.35546261453793,"oupvCgP"
"146",3.24944781430508,-11.0111705066763,"oupvCgP"
"147",7.07402321835735,2.32431683140388,"oupvCgP"
"148",15.3186476841724,1.65800122018623,"oupvCgP"
"149",5.54206189451526,-0.851518130220739,"oupvCgP"
"150",-3.87716207736065,1.24751193671618,"oupvCgP"
"151",1.78762645445714,-5.70880132462364,"oupvCgP"
"152",2.17142498010323,-10.106100112399,"oupvCgP"
"153",13.2345405635611,-10.0019316780775,"oupvCgP"
"154",0.271603282503585,-12.7950244220579,"oupvCgP"
"155",4.95446188870429,-7.96052611639491,"oupvCgP"
"156",-0.507885103933647,-12.8656917780809,"oupvCgP"
"157",12.6973846894299,-9.41161743518046,"oupvCgP"
"158",17.2840412525936,3.25127099484533,"oupvCgP"
"159",16.2764002401207,-8.8473629008711,"oupvCgP"
"160",-0.159375077160657,-8.26659148673011,"oupvCgP"
"161",5.54188905233208,5.72311867601329,"oupvCgP"
"162",14.4104711157735,-6.97153624668389,"oupvCgP"
"163",12.1951471602128,-8.0165957790799,"oupvCgP"
"164",0.309019141672004,0.318695140632566,"oupvCgP"
"165",6.60235847881949,-0.403766086981634,"oupvCgP"
"166",14.8388293653012,3.71561636888649,"oupvCgP"
"167",0.392622331181543,-7.7082611846023,"oupvCgP"
"168",4.86533180462169,-0.078090607319915,"oupvCgP"
"169",22.5948958966504,2.89483265657665,"oupvCgP"
"170",6.20637339461566,-0.604966868210122,"oupvCgP"
"171",-4.11240447295813,4.70463998782469,"oupvCgP"
"172",17.4756762714295,1.49235459092223,"oupvCgP"
"173",-0.563171161308306,-10.3089014039468,"oupvCgP"
"174",11.7138503543018,-9.23909272916565,"oupvCgP"
"175",7.02096334463341,1.30143298259377,"oupvCgP"
"176",14.6805402509046,0.969466615090209,"oupvCgP"
"177",11.3448913328767,-7.87015131451054,"oupvCgP"
"178",0.379072050731516,-9.38917593737145,"oupvCgP"
"179",17.7381399616231,7.82611354466973,"oupvCgP"
"180",-0.31457689611709,-12.1205394493616,"oupvCgP"
"181",-4.00400855270112,1.53278748181957,"oupvCgP"
"182",16.3367478452801,4.57349935549024,"oupvCgP"
"183",17.9900542197568,0.87658479658615,"oupvCgP"
"184",20.8943957738031,0.876615300900493,"oupvCgP"
"185",-11.8928635921709,-3.32101287770946,"oupvCgP"
"186",4.62390172851141,3.02175381485132,"oupvCgP"
"187",10.8215625649253,-4.50713083969288,"oupvCgP"
"188",-2.26405247276088,-7.96681066559522,"oupvCgP"
"189",5.33757386024886,-15.9396574126642,"oupvCgP"
"190",6.85185642460174,-1.47332067188912,"oupvCgP"
"191",17.4827515621657,8.52326330353587,"oupvCgP"
"192",4.29038146028511,1.10124090724442,"oupvCgP"
"193",8.64181067089741,2.63740757518152,"oupvCgP"
"194",9.52356552264222,-9.20268650152562,"oupvCgP"
"195",2.26735522689279,4.60378576800106,"oupvCgP"
"196",-6.36440270658608,-3.25751361501653,"oupvCgP"
"197",20.1695282330364,4.77511696262656,"oupvCgP"
"198",3.94003120480542,-10.8891810109597,"oupvCgP"
"199",3.82606920742752,1.85591880231832,"oupvCgP"
"200",18.0314439758152,3.56190187037031,"oupvCgP"
"201",16.2542975878809,-8.82104904621382,"oupvCgP"
"202",1.78935921354143,2.34276488809885,"oupvCgP"
"203",6.37533101557925,-1.81002907930112,"oupvCgP"
"204",7.4061776629154,-0.281842086854016,"oupvCgP"
"205",13.2110344570498,-6.42108557637236,"oupvCgP"
"206",-6.51191381343591,-0.512529010017704,"oupvCgP"
"207",5.47136265607483,1.43595920914924,"oupvCgP"
"208",3.75099454276959,-12.5381277717777,"oupvCgP"
"209",1.2896152138992,-7.73723829177231,"oupvCgP"
"210",16.3338505422664,0.759488588843519,"oupvCgP"
"211",-1.99001117108972,-2.32426650863289,"oupvCgP"
"212",2.73042475757829,-13.0463962482677,"oupvCgP"
"213",15.0081573521432,-4.48492575867138,"oupvCgP"
"214",-0.0991009729770023,-9.52644425483253,"oupvCgP"
"215",-5.74361464396605,-3.69344288924536,"oupvCgP"
"216",-7.09008116280454,-1.72242288440964,"oupvCgP"
"217",-13.5481633009822,-2.35122517140398,"oupvCgP"
"218",-5.3319308620781,-1.973468574062,"oupvCgP"
"219",14.0015367986259,7.97991049442501,"oupvCgP"
"220",11.595351273353,-9.99616476618999,"oupvCgP"
"221",14.2588745517789,4.27935786776332,"oupvCgP"
"222",-8.57644536833487,-3.91838219341562,"oupvCgP"
"223",-4.30501277411854,0.91938117017756,"oupvCgP"
"224",13.0479004880307,-6.79966527116817,"oupvCgP"
"225",-4.51060695847815,0.637261127682229,"oupvCgP"
"226",15.380356940901,4.20575018899977,"oupvCgP"
"227",14.3987462397681,-10.1303275867585,"oupvCgP"
"228",19.0555804317264,5.85194345429203,"oupvCgP"
"229",4.24101655518443,1.90789945435802,"oupvCgP"
"230",14.7987669056964,-7.41411568571228,"oupvCgP"
"231",1.61480889742388,-9.99346116537645,"oupvCgP"
"232",13.4665680223024,-4.23487014107233,"oupvCgP"
"233",14.4863067533702,-9.6443289292253,"oupvCgP"
"234",3.2846809258026,0.171285979943596,"oupvCgP"
"235",3.61658431319308,-8.13711352921877,"oupvCgP"
"236",1.09819500329145,-12.2082215069403,"oupvCgP"
"237",4.72798818430775,4.91831677208521,"oupvCgP"
"238",-5.76333622768336,-3.55451982721042,"oupvCgP"
"239",12.3778136581331,7.50177345299816,"oupvCgP"
"240",-7.59999029423159,-6.5257070237445,"oupvCgP"
"241",5.78208657208422,1.16240826061464,"oupvCgP"
"242",17.8662664402184,5.87202070144113,"oupvCgP"
"243",1.54808746652819,-9.45371923043821,"oupvCgP"
"244",2.47971025025283,-10.2093664490239,"oupvCgP"
"245",13.9195305744257,-3.84402769885219,"oupvCgP"
"246",-2.44323713335555,-9.14933463478864,"oupvCgP"
"247",-10.3867496422596,-3.68055326647119,"oupvCgP"
"248",6.65557241201217,2.13231454868304,"oupvCgP"
"249",15.759255093516,-9.92608091908863,"oupvCgP"
"250",1.17577380185945,-10.5519837090678,"oupvCgP"
"251",12.4261585377077,-4.03853441038302,"oupvCgP"
"252",4.69985273332983,-0.567541195422786,"oupvCgP"
"253",1.6469767047116,-11.1384739189882,"oupvCgP"
"254",7.59971113318113,-4.99726558686262,"oupvCgP"
"255",5.73250561640957,-0.277433799202979,"oupvCgP"
"256",15.9604334499573,-7.80061125894135,"oupvCgP"
"257",15.1034900650188,2.03976431750335,"oupvCgP"
"258",-5.70582503539503,0.851967992283313,"oupvCgP"
"259",-1.08482112184421,-8.71362645904595,"oupvCgP"
"260",5.21370515754162,-4.07597375440085,"oupvCgP"
"261",1.10921049396768,-7.87897140841312,"oupvCgP"
"262",6.32078443538881,-3.67388671757737,"oupvCgP"
"263",4.25746278268255,-8.31193158384282,"oupvCgP"
"264",13.2277267844305,6.64722129830998,"oupvCgP"
"265",-4.93878252071001,0.136233465697002,"oupvCgP"
"266",10.3023799793207,-4.85997920574889,"oupvCgP"
"267",-6.67489447454537,-2.10512375284329,"oupvCgP"
"268",3.12547991292449,0.771276257110114,"oupvCgP"
"269",10.2510847813474,-2.0398546947081,"oupvCgP"
"270",16.2014495393652,-0.855871176851107,"oupvCgP"
"271",13.1968700423084,0.127863399072284,"oupvCgP"
"272",4.47271997702363,0.920083968186446,"oupvCgP"
"273",1.42597357619749,-13.4931452974407,"oupvCgP"
"274",7.41371296718006,-0.643218735023758,"oupvCgP"
"275",6.5127558426987,5.77524172840287,"oupvCgP"
"276",-6.93323144242215,-1.96436811370056,"oupvCgP"
"277",11.6112817646501,-4.96500842977684,"oupvCgP"
"278",13.371479532205,0.517755657514484,"oupvCgP"
"279",4.8248223599672,3.13999115006473,"oupvCgP"
"280",1.76429340206401,-10.4404247398467,"oupvCgP"
"281",-6.8674462288988,1.25393363983784,"oupvCgP"
"282",5.35092480951589,4.35855669204844,"oupvCgP"
"283",5.92553239840695,2.93562150592731,"oupvCgP"
"284",0.125848943358299,1.08479495174175,"oupvCgP"
"285",4.35386609015128,3.40230753846572,"oupvCgP"
"286",16.1954856756136,-10.3327674194829,"oupvCgP"
"287",1.45043720728324,1.64781950292964,"oupvCgP"
"288",7.46499418332621,2.50910094255173,"oupvCgP"
"289",5.06064034410082,-2.05594265657758,"oupvCgP"
"290",11.8998196201777,5.38496462485032,"oupvCgP"
"291",3.04094997555633,-10.4997924850887,"oupvCgP"
"292",4.75202754402295,-3.98089236469589,"oupvCgP"
"293",-0.828343543082228,-9.31024374889837,"oupvCgP"
"294",-4.50456090520049,-1.52392574135105,"oupvCgP"
"295",10.5908743947062,-9.46082783923482,"oupvCgP"
"296",10.7868558555272,-7.50738519195881,"oupvCgP"
"297",-2.06659496474062,3.29220203472244,"oupvCgP"
"298",-2.76570536129342,-0.70635810633376,"oupvCgP"
"299",12.8843512273886,-7.8629608580264,"oupvCgP"
"300",-4.38721143379793,-6.97511979034393,"oupvCgP"
"301",3.97366873581949,-4.4525299178494,"oupvCgP"
"302",15.5672300803614,3.3879249213555,"oupvCgP"
"303",21.1468049910561,1.07008711517348,"oupvCgP"
"304",5.17572398394122,-3.38274083668575,"oupvCgP"
"305",8.52658300157945,-1.98114968348064,"oupvCgP"
"306",1.40073548312839,-11.6370364627135,"oupvCgP"
"307",6.75969869046884,1.55127297380942,"oupvCgP"
"308",1.51803112265449,-9.20926054854208,"oupvCgP"
"309",15.6972723870056,4.63595654071801,"oupvCgP"
"310",14.2982717566374,-7.92733049683135,"oupvCgP"
"311",13.3452203810739,-5.29995212222769,"oupvCgP"
"312",4.48490534495399,-0.710187579368588,"oupvCgP"
"313",-0.0036732559456254,-9.95697998075976,"oupvCgP"
"314",2.60822868586896,-9.05969341395529,"oupvCgP"
"315",17.5537424899837,1.27319532520357,"oupvCgP"
"316",12.3113527221467,-8.19874713133352,"oupvCgP"
"317",7.11384135441084,-2.22622223939997,"oupvCgP"
"318",-7.12343607359816,-1.66534391286529,"oupvCgP"
"319",15.3468894807933,2.00038946316987,"oupvCgP"
"320",17.3944566071568,1.47784487527636,"oupvCgP"
"321",13.0327688457792,-8.72356908165069,"oupvCgP"
"322",9.57157087258413,-1.18678962748436,"oupvCgP"
"323",-6.16294270932517,-2.9040622715883,"oupvCgP"
"324",8.38624049915676,2.59638465867676,"oupvCgP"
"325",14.9766216661942,-8.03260371664994,"oupvCgP"
"326",17.9550489183309,7.8323100980945,"oupvCgP"
"327",19.0975918326881,7.34652627485152,"oupvCgP"
"328",-6.52880773566512,-3.24855764031666,"oupvCgP"
"329",13.4236989989843,-10.8927900359005,"oupvCgP"
"330",14.288107208387,-8.87557849962407,"oupvCgP"
"331",14.8913334768954,4.37069778609616,"oupvCgP"
"332",12.354589610403,-6.23346154241735,"oupvCgP"
"333",1.16311043658843,-12.9879688968102,"oupvCgP"
"334",12.9958288989407,-4.64733776208773,"oupvCgP"
"335",5.58130313024524,0.0356907351663616,"oupvCgP"
"336",8.89619717068027,-5.76432917053386,"oupvCgP"
"337",0.242302551787339,-10.561450518073,"oupvCgP"
"338",-11.5396863448559,-1.74756998269285,"oupvCgP"
"339",0.54333698008011,-10.1661986086053,"oupvCgP"
"340",21.0578190532419,7.08606945510505,"oupvCgP"
"341",10.6254559497962,-5.35091820005884,"oupvCgP"
"342",5.11795283507212,1.4572574647569,"oupvCgP"
"343",20.6553100688461,-1.02680493661874,"oupvCgP"
"344",5.6462188249731,6.35526073952296,"oupvCgP"
"345",4.79068296124959,-8.52934392213191,"oupvCgP"
"346",12.6798718348211,-8.8220113753689,"oupvCgP"
"347",-8.77145451177947,-4.33604149404834,"oupvCgP"
"348",13.9338911540012,-7.10745442963749,"oupvCgP"
"349",-5.67781769486696,-4.41252799934211,"oupvCgP"
"350",17.0210883596314,3.54734664151504,"oupvCgP"
"351",3.56742548163577,-7.81339989624168,"oupvCgP"
"352",3.21562757514635,-12.3789889629453,"oupvCgP"
"353",5.74667320065707,6.45024985437218,"oupvCgP"
"354",16.2916942085059,3.78935034881796,"oupvCgP"
"355",3.06472286599014,4.11462967151542,"oupvCgP"
"356",2.3116972697194,-10.8467105793815,"oupvCgP"
"357",4.57282775578915,1.2607337627925,"oupvCgP"
"358",1.1991691315004,-11.3957709440922,"oupvCgP"
"359",17.8773149068209,5.23679418100139,"oupvCgP"
"360",2.73442014211388,-6.34186063206961,"oupvCgP"
"361",6.12711032763822,1.60296579047789,"oupvCgP"
"362",14.3974543450911,-10.4298636173186,"oupvCgP"
"363",2.25877529401716,-6.3207149034834,"oupvCgP"
"364",5.59982757883752,-1.24965492462534,"oupvCgP"
"365",10.6298191699048,8.50919365852079,"oupvCgP"
"366",14.3415517683241,-6.83502985361265,"oupvCgP"
"367",22.2153223205719,1.2614633143249,"oupvCgP"
"368",-4.95841622692959,1.59550615985385,"oupvCgP"
"369",6.44700420825467,1.24993593790791,"oupvCgP"
"370",2.61707235514404,7.88898306951565,"oupvCgP"
"371",-4.97566568024871,-2.8878206722183,"oupvCgP"
"372",10.9732443613403,-8.30799435970303,"oupvCgP"
"373",7.31537920493636,-2.684931712114,"oupvCgP"
"374",15.8540907014628,2.00790551749598,"oupvCgP"
"375",5.75625808335789,-5.29788540523877,"oupvCgP"
"376",1.54761813332403,-5.29983134792954,"oupvCgP"
"377",-0.390103960472568,-8.84968648965136,"oupvCgP"
"378",1.73842166158374,-10.2363353602269,"oupvCgP"
"379",17.5900933220661,5.55743270623378,"oupvCgP"
"380",17.4931571893668,4.32455939858736,"oupvCgP"
"381",5.4218427817914,3.70157410410487,"oupvCgP"
"382",3.85402558715392,3.37668245491009,"oupvCgP"
"383",1.5264188919053,1.13762633703064,"oupvCgP"
"384",13.29791082541,-4.04826080508122,"oupvCgP"
"385",19.1367246882944,5.11193660190445,"oupvCgP"
"386",-10.5841812926448,-3.84769642914271,"oupvCgP"
"387",13.6285793982787,-7.33763751810542,"oupvCgP"
"388",19.6878885592722,4.95723377703746,"oupvCgP"
"389",13.8196429427128,-5.90023467131269,"oupvCgP"
"390",-4.26384869439844,-6.75371056756561,"oupvCgP"
"391",18.4679786961473,4.00617870312736,"oupvCgP"
"392",17.0074408654226,5.6356702200587,"oupvCgP"
"393",-7.93908383948777,-2.67164355605533,"oupvCgP"
"394",-6.5244252783845,1.44536933501517,"oupvCgP"
"395",5.10754725465241,-1.79897924287787,"oupvCgP"
"396",-1.18258030851803,4.77264526564997,"oupvCgP"
"397",0.780359191586627,-9.75240166068246,"oupvCgP"
"398",12.4658258382611,-5.89778495296174,"oupvCgP"
"399",19.291139944698,-0.432852277991782,"oupvCgP"
"400",2.95426244201708,-12.9213309602594,"oupvCgP"
"401",6.21566655306994,6.66913519803196,"oupvCgP"
"402",-4.09359934452382,-0.941907906298088,"oupvCgP"
"403",2.22010086199921,-6.20444625314464,"oupvCgP"
"404",1.2718992874708,5.83753792422241,"oupvCgP"
"405",4.93111891189841,-4.0969623917233,"oupvCgP"
"406",15.2611319753646,0.579245249347454,"oupvCgP"
"407",2.36374678096832,-9.78526590958031,"oupvCgP"
"408",-4.4413686503572,-2.28816569365488,"oupvCgP"
"409",11.3695896275136,-7.16576235982026,"oupvCgP"
"410",5.17446716712878,4.54676783063871,"oupvCgP"
"411",-5.06532364805339,-2.70853776953124,"oupvCgP"
"412",-5.66214506330269,1.43224786564053,"oupvCgP"
"413",7.59691631317166,0.545215043943252,"oupvCgP"
"414",13.6912052172681,-5.81822709868769,"oupvCgP"
"415",12.8621759074222,-8.80590895471832,"oupvCgP"
"416",2.28400483819469,-11.5557281591434,"oupvCgP"
"417",-4.13221294602829,-2.93834614777697,"oupvCgP"
"418",13.6269962440498,4.7149821860464,"oupvCgP"
"419",14.6226360884337,-9.91918576180891,"oupvCgP"
"420",3.61045070369073,2.01091839882655,"oupvCgP"
"421",2.17442288040204,-8.49193531717784,"oupvCgP"
"422",18.5962455700563,8.949439194957,"oupvCgP"
"423",5.15499545790044,-0.730576336589445,"oupvCgP"
"424",1.04257324921665,-10.3175273428511,"oupvCgP"
"425",5.76876829793939,0.759888699308553,"oupvCgP"
"426",-5.47087178628695,-1.45237997131902,"oupvCgP"
"427",5.88283370021829,-1.55998811746321,"oupvCgP"
"428",2.40032578327654,-9.40981287374283,"oupvCgP"
"429",2.31980976615537,-9.8900096804828,"oupvCgP"
"430",-5.25519319381964,-4.30365041873499,"oupvCgP"
"431",13.9090875752181,-9.22980099122951,"oupvCgP"
"432",3.54327655213745,-0.285915519074462,"oupvCgP"
"433",-10.8350800186793,-3.79128724593291,"oupvCgP"
"434",4.06236194974347,3.47097490273609,"oupvCgP"
"435",17.9967496917013,4.63533700659893,"oupvCgP"
"436",4.72180712283941,3.3285917853344,"oupvCgP"
"437",2.39981959008321,-9.939461311108,"oupvCgP"
"438",-2.81633835945195,0.525417843164185,"oupvCgP"
"439",-5.84258256816064,-1.69006944419883,"oupvCgP"
"440",-8.746954159606,0.561492175426036,"oupvCgP"
"441",-7.03592055404607,1.94753831724079,"oupvCgP"
"442",12.3474701213205,-9.61280748902226,"oupvCgP"
"443",1.01012609446677,-12.2295056370631,"oupvCgP"
"444",-1.42685321447099,-6.58775280566056,"oupvCgP"
"445",3.49122317353179,-11.4442487445791,"oupvCgP"
"446",18.8789383015471,4.41049679413729,"oupvCgP"
"447",-7.39691655595964,-1.46913983198161,"oupvCgP"
"448",2.98582149204601,1.4809711905598,"oupvCgP"
"449",6.32946471973485,-1.28136076387442,"oupvCgP"
"450",3.40256005209913,-7.1349826738356,"oupvCgP"
"451",10.7187019236452,-4.80750389042835,"oupvCgP"
"452",1.17115012074908,-9.98694504571948,"oupvCgP"
"453",-7.85929412968718,0.824363351970268,"oupvCgP"
"454",16.3895230793024,8.00471556009909,"oupvCgP"
"455",10.4366424047118,-3.71418819564773,"oupvCgP"
"456",12.7109714357825,-6.28472310926445,"oupvCgP"
"457",15.2450602099466,2.65078394512181,"oupvCgP"
"458",4.45552755035104,3.55264377412007,"oupvCgP"
"459",16.7354800116253,6.93894786011124,"oupvCgP"
"460",20.8187436978381,0.0280929411779947,"oupvCgP"
"461",4.49660416802797,3.66252152770375,"oupvCgP"
"462",15.5454313032781,-9.9276324668304,"oupvCgP"
"463",11.1295802471423,-8.57321811362392,"oupvCgP"
"464",-1.09592641516148,-9.08096120755956,"oupvCgP"
"465",13.7049358115141,0.941987817679005,"oupvCgP"
"466",2.85703436770989,1.81437833677614,"oupvCgP"
"467",13.0715500233077,-8.23938016563816,"oupvCgP"
"468",12.9110559472962,-6.28962732922585,"oupvCgP"
"469",6.64101985674498,-10.156905253903,"oupvCgP"
"470",13.9500876076628,-9.74917780647492,"oupvCgP"
"471",18.0008640220976,-0.483081462966668,"oupvCgP"
"472",-6.11496890656786,2.15525580886847,"oupvCgP"
"473",7.97198944124423,1.70790987464582,"oupvCgP"
"474",15.1991115823395,-7.25840785892729,"oupvCgP"
"475",-6.04587417014903,-2.876588567809,"oupvCgP"
"476",2.97793064580558,-8.43900055140676,"oupvCgP"
"477",14.3505989069819,-8.28689126006385,"oupvCgP"
"478",12.6917078695987,-11.1147884505776,"oupvCgP"
"479",2.35251950154306,-10.229344886922,"oupvCgP"
"480",17.0011648492874,4.0487768323276,"oupvCgP"
"481",16.1314774731152,3.27669929044069,"oupvCgP"
"482",3.22749534656937,-9.16708999196845,"oupvCgP"
"483",19.0642980659906,12.3453983743957,"oupvCgP"
"484",0.438054666342961,-6.06876600556381,"oupvCgP"
"485",9.45784849787486,-8.97257021975272,"oupvCgP"
"486",16.8111134150215,0.709564947393504,"oupvCgP"
"487",17.8682868830155,0.621621778889579,"oupvCgP"
"488",19.6010727022359,4.56274985859163,"oupvCgP"
"489",14.2065686513208,-1.89354400951536,"oupvCgP"
"490",-2.02655038827625,-2.35815796536087,"oupvCgP"
"491",-7.82688805012189,-0.296936024011653,"oupvCgP"
"492",15.6030273153375,-9.81747750302735,"oupvCgP"
"493",2.91338349448677,-6.95997185863911,"oupvCgP"
"494",-11.2078609508624,1.7900851559163,"oupvCgP"
"495",7.09290273955718,1.74514288168831,"oupvCgP"
"496",12.3176004107908,-6.26064222149007,"oupvCgP"
"497",6.47618296926529,1.90214357904511,"oupvCgP"
"498",14.2937451938062,-7.57884998645402,"oupvCgP"
"499",6.79526909180584,-0.652548046926327,"oupvCgP"
"500",-0.262770627854946,2.11595367491988,"oupvCgP"
"501",15.96373831722,-8.5401875106068,"oupvCgP"
"502",3.57609308257714,-2.21846850476866,"oupvCgP"
"503",10.5964690983562,-6.25641254956362,"oupvCgP"
"504",4.91634724674573,2.56885490632506,"oupvCgP"
"505",16.1324782702166,4.85527497704544,"oupvCgP"
"506",5.09402523456142,5.21444749288541,"oupvCgP"
"507",1.86829020961689,-8.9283010820342,"oupvCgP"
"508",13.757830070809,-7.30857744607704,"oupvCgP"
"509",17.8534743589373,1.57559599678672,"oupvCgP"
"510",14.2595351249715,-9.36632334091271,"oupvCgP"
"511",19.2902446180326,2.05101077458808,"oupvCgP"
"512",-3.50069323647189,-2.04232686065444,"oupvCgP"
"513",-7.78669707082839,-2.05293373985231,"oupvCgP"
"514",-0.893152441478486,-9.35100679544138,"oupvCgP"
"515",7.06232275734876,0.226989094999753,"oupvCgP"
"516",12.5333850705439,-5.90065576831245,"oupvCgP"
"517",-8.54235534106192,-4.88211907706484,"oupvCgP"
"518",5.19340468729291,0.665359716001753,"oupvCgP"
"519",6.02946414553672,6.55302393661467,"oupvCgP"
"520",4.38862459223463,-10.4065502462679,"oupvCgP"
"521",3.55155938970146,-0.390407580370081,"oupvCgP"
"522",-1.9253308086219,-10.7343309701629,"oupvCgP"
"523",8.59895053449858,0.473543773116336,"oupvCgP"
"524",9.74681067205052,-1.71106687736502,"oupvCgP"
"525",-3.84028247636784,-0.633608695009394,"oupvCgP"
"526",-5.33499607189662,-2.7321424710793,"oupvCgP"
"527",0.448244479583849,-5.88100746276057,"oupvCgP"
"528",-7.46083968896738,-4.16304743317725,"oupvCgP"
"529",3.45827159560412,1.35245038368219,"oupvCgP"
"530",-0.517046845571697,-7.6293606351289,"oupvCgP"
"531",0.677433161074219,-9.48247224447841,"oupvCgP"
"532",-5.75120050226512,-2.87449536528198,"oupvCgP"
"533",4.65187416614619,-1.18041821076568,"oupvCgP"
"534",-0.278859723802756,2.09513343868923,"oupvCgP"
"535",18.7765002913622,2.81499792563007,"oupvCgP"
"536",14.1320104718332,-4.54674585449607,"oupvCgP"
"537",5.47398139944084,-12.7811390103926,"oupvCgP"
"538",-0.25439200311304,-7.17836519494771,"oupvCgP"
"539",2.73309758280446,2.0504118443179,"oupvCgP"
"540",5.35230635467941,-10.0151237688655,"oupvCgP"
"541",4.24237038763006,1.79490996763951,"oupvCgP"
"542",12.7202484705037,-5.65326060847094,"oupvCgP"
"543",3.00293469421646,-8.88556124729068,"oupvCgP"
"544",15.8874525546521,5.05818934627384,"oupvCgP"
"545",16.1129972374216,-10.5579557962186,"oupvCgP"
"546",14.5380063275409,-5.45180770400342,"oupvCgP"
"547",14.5507431767774,-10.1938739204713,"oupvCgP"
"548",-4.51717641221392,-2.79647115352529,"oupvCgP"
"549",10.7973377890422,-9.85444201961066,"oupvCgP"
"550",-1.07717668152464,-1.56998664197779,"oupvCgP"
"551",16.5536422763042,-1.3081504794529,"oupvCgP"
"552",16.6679319217428,-1.10149410090148,"oupvCgP"
"553",14.5747021456005,-5.59760407612148,"oupvCgP"
"554",-7.45229464956285,-2.42248388500433,"oupvCgP"
"555",3.56377144878216,-9.30401638921642,"oupvCgP"
"556",18.1851410459753,1.5434591917971,"oupvCgP"
"557",13.5094544950583,-10.4701495290762,"oupvCgP"
"558",15.2407687760908,2.82648858770136,"oupvCgP"
"559",3.45753066596605,5.04640869403197,"oupvCgP"
"560",19.1269694803647,-1.09936918640642,"oupvCgP"
"561",-12.1398177375681,0.229948825939198,"oupvCgP"
"562",-4.6726819551729,2.9854249070997,"oupvCgP"
"563",12.8531710895694,-6.40316608874341,"oupvCgP"
"564",13.7456639219651,-8.17834325408611,"oupvCgP"
"565",-8.15854417712869,3.24410740728988,"oupvCgP"
"566",12.464649290681,-8.48731360377507,"oupvCgP"
"567",16.239497317332,-0.407383799330589,"oupvCgP"
"568",-8.29272587300414,-0.645967578323787,"oupvCgP"
"569",0.728126253565192,-8.91030497371142,"oupvCgP"
"570",-4.31310272804653,-0.18514422231586,"oupvCgP"
"571",-3.06730040800633,-0.686234096161964,"oupvCgP"
"572",-0.093047266897478,-7.98496106994298,"oupvCgP"
"573",-3.32668109828524,-6.34103071296431,"oupvCgP"
"574",12.6652299141307,-6.50709271372501,"oupvCgP"
"575",13.4831353162621,-7.82481901228749,"oupvCgP"
"576",18.2180277208783,6.56621573012074,"oupvCgP"
"577",14.4240660167356,2.21430072319841,"oupvCgP"
"578",4.27618730067019,3.83237023276964,"oupvCgP"
"579",-2.53700143450487,2.80104230700721,"oupvCgP"
"580",18.718304083488,6.6699098099402,"oupvCgP"
"581",0.488413522261373,-10.2504863658149,"oupvCgP"
"582",-1.58160362663086,0.771893154549727,"oupvCgP"
"583",12.7961874058504,-10.356875434418,"oupvCgP"
"584",11.3634302925194,4.2318209110201,"oupvCgP"
"585",-1.15349113689641,-6.33221581884632,"oupvCgP"
"586",-7.28743084563161,-2.33286142047766,"oupvCgP"
"587",18.278353292382,2.55657933562862,"oupvCgP"
"588",-7.88792431423296,-0.855828478307931,"oupvCgP"
"589",1.85893680612958,-7.53012266884182,"oupvCgP"
"590",1.4153894471655,0.58971799415364,"oupvCgP"
"591",1.1591142604947,-7.96195526362032,"oupvCgP"
"592",13.2510838961968,-3.17275880700742,"oupvCgP"
"593",1.23813828091705,-1.78767975332673,"oupvCgP"
"594",-5.97528866551562,-5.35179854540459,"oupvCgP"
"595",15.1556034796803,1.13538326067205,"oupvCgP"
"596",-5.04215848448598,-2.61398297261914,"oupvCgP"
"597",1.87217112967492,-9.29577998201826,"oupvCgP"
"598",-0.689839325541728,-8.81951495191953,"oupvCgP"
"599",-4.43885498191093,-2.85231345866012,"oupvCgP"
"600",8.38195200529103,-1.27647570461682,"oupvCgP"
"601",12.3070533240559,-3.36173681975276,"oupvCgP"
"602",-10.7815643347282,-3.31284014460769,"oupvCgP"
"603",5.13775482565093,3.25760688119399,"oupvCgP"
"604",13.5768389999715,3.24614628638057,"oupvCgP"
"605",-0.411308567640355,-7.82526566899007,"oupvCgP"
"606",-5.56845764142795,-5.83644531681611,"oupvCgP"
"607",1.51857491307274,-6.61548009116185,"oupvCgP"
"608",12.1616693333213,-6.36970501560905,"oupvCgP"
"609",1.04850441093357,5.73388802868316,"oupvCgP"
"610",-0.839227174469211,-5.46458110487196,"oupvCgP"
"611",11.1119940089579,-9.14682609025261,"oupvCgP"
"612",4.10089251085802,0.891734738514318,"oupvCgP"
"613",0.977041456665,-8.15582443031185,"oupvCgP"
"614",15.1645923000147,3.96545523930592,"oupvCgP"
"615",15.9639900349042,2.56908953420921,"oupvCgP"
"616",6.5160552315083,6.48342132356132,"oupvCgP"
"617",-6.71951448053415,-5.26784965477261,"oupvCgP"
"618",17.8202860131118,7.78516160277277,"oupvCgP"
"619",-3.99703669089418,-3.64798261284933,"oupvCgP"
"620",11.4161066709287,4.38541073204203,"oupvCgP"
"621",11.0374016875447,2.5861846746184,"oupvCgP"
"622",14.8007052813611,-8.60182276946893,"oupvCgP"
"623",16.1322097669163,-8.03410314266827,"oupvCgP"
"624",5.88738406672483,6.49391280298428,"oupvCgP"
"625",22.123946825345,-2.1475024375214,"oupvCgP"
"626",11.3361916734995,-8.90080080303238,"oupvCgP"
"627",-3.63334185452843,-8.70582787526385,"oupvCgP"
"628",3.97560416315299,4.1211592013847,"oupvCgP"
"629",-3.06214384752015,0.590024716283882,"oupvCgP"
"630",-3.41347029222519,-5.02202404568261,"oupvCgP"
"631",15.4337698899614,1.84310367995452,"oupvCgP"
"632",0.882437574675613,-11.5734139809602,"oupvCgP"
"633",-4.71134246421364,-1.44003157938021,"oupvCgP"
"634",4.60247306611015,-11.2583731983108,"oupvCgP"
"635",15.4836691966992,-1.35741800591817,"oupvCgP"
"636",2.92276525956409,-7.68234299083901,"oupvCgP"
"637",2.20669910633512,0.563969897834818,"oupvCgP"
"638",4.91098458321332,4.21922727009049,"oupvCgP"
"639",21.1214334716957,7.05337853817542,"oupvCgP"
"640",16.2244456573137,1.16146930912965,"oupvCgP"
"641",-5.21946206959322,0.255249425861292,"oupvCgP"
"642",4.85167697948854,5.93221211760264,"oupvCgP"
"643",11.218555113227,-10.6767992117865,"oupvCgP"
"644",18.6268259431689,3.05020497535978,"oupvCgP"
"645",11.8418463512361,-3.29449362993554,"oupvCgP"
"646",6.53868786051948,3.23207667789999,"oupvCgP"
"647",13.1637774035099,5.84799228182887,"oupvCgP"
"648",-4.55335999706354,-4.96358084167513,"oupvCgP"
"649",4.75346334129388,-3.72159135202691,"oupvCgP"
"650",4.3741086470969,-0.573741900552544,"oupvCgP"
"651",15.327075134378,-7.71747007240575,"oupvCgP"
"652",4.27726783465985,2.68315304090549,"oupvCgP"
"653",-6.99415374865592,-0.793808943765028,"oupvCgP"
"654",14.2413984850434,-5.84142533428995,"oupvCgP"
"655",5.96130173051993,-2.68233156960684,"oupvCgP"
"656",13.6063465419568,-6.79912253769015,"oupvCgP"
"657",14.6023186017334,-9.32906128257435,"oupvCgP"
"658",0.67345089533335,-11.2700189349472,"oupvCgP"
"659",15.7969484015155,2.76902573954151,"oupvCgP"
"660",-6.15406895683936,0.911542042629872,"oupvCgP"
"661",5.76333054388273,-10.783232109127,"oupvCgP"
"662",2.63307016404285,-9.09190857905732,"oupvCgP"
"663",-3.315409702815,2.81490338342491,"oupvCgP"
"664",3.39516079840493,-1.34340912186854,"oupvCgP"
"665",7.04335627104504,2.1932459591918,"oupvCgP"
"666",13.959284316598,-10.7499454870669,"oupvCgP"
"667",4.52230401862316,-11.8069371121489,"oupvCgP"
"668",15.4002765192594,0.969265251485759,"oupvCgP"
"669",3.10633014734331,-9.11817000549248,"oupvCgP"
"670",15.7118582310294,4.96259912169084,"oupvCgP"
"671",13.980125325632,-3.843835062741,"oupvCgP"
"672",3.56772197079866,-8.75389571253991,"oupvCgP"
"673",-7.84492603727756,-0.740533807878903,"oupvCgP"
"674",14.9614298847923,-10.2924331101546,"oupvCgP"
"675",22.7309620942433,0.624363251097379,"oupvCgP"
"676",-5.88681805947514,1.65921706418716,"oupvCgP"
"677",13.0574397641402,-5.27727017612995,"oupvCgP"
"678",5.53492769496419,5.8758104575618,"oupvCgP"
"679",5.57228156885064,3.70581549078229,"oupvCgP"
"680",1.48900930350884,-9.8865386537029,"oupvCgP"
"681",-0.161767072168105,-7.67092045458202,"oupvCgP"
"682",5.33040917316934,0.00187307307189544,"oupvCgP"
"683",16.9094860999399,-0.555959904437728,"oupvCgP"
"684",11.3963664058752,-5.830958318039,"oupvCgP"
"685",2.17231571251299,-10.2235523364596,"oupvCgP"
"686",4.10944180345157,0.829216039227983,"oupvCgP"
"687",14.1588610345005,-8.62118278027699,"oupvCgP"
"688",14.3976358853989,-7.05812344574341,"oupvCgP"
"689",-4.48788866088067,-2.16577571720486,"oupvCgP"
"690",-5.26019407835761,-3.2276897454746,"oupvCgP"
"691",11.9916208174718,-8.17808781691624,"oupvCgP"
"692",11.9196150579162,-8.38074951394467,"oupvCgP"
"693",4.9491036627469,-1.33561493596972,"oupvCgP"
"694",7.22564857976251,0.0227968389310576,"oupvCgP"
"695",11.5966374770401,-8.1010239053657,"oupvCgP"
"696",5.58239248491358,-1.42755379790121,"oupvCgP"
"697",12.7273200999596,0.282398955314961,"oupvCgP"
"698",14.5168368023096,11.4576999689778,"oupvCgP"
"699",13.0976955743213,-10.0019103260876,"oupvCgP"
"700",16.7586200327478,-6.41284974497614,"oupvCgP"
"701",19.2550977529683,3.02764139859913,"oupvCgP"
"702",2.04241507767608,-9.41514875431793,"oupvCgP"
"703",19.5577379792388,4.85348869449966,"oupvCgP"
"704",7.70662895022979,2.05269982592368,"oupvCgP"
"705",12.4240074084195,-5.57263514794831,"oupvCgP"
"706",8.26419873139185,1.07121523020626,"oupvCgP"
"707",10.8345811163673,-2.95701348007822,"oupvCgP"
"708",15.5353745897794,0.511100420305603,"oupvCgP"
"709",11.6056860962426,-6.27921736179559,"oupvCgP"
"710",1.99909666865617,-11.3982840151729,"oupvCgP"
"711",8.22740961415011,2.67557052467957,"oupvCgP"
"712",5.78152709692057,-2.92172671267136,"oupvCgP"
"713",4.15237176605541,-8.87101098223813,"oupvCgP"
"714",13.1114641445444,8.34122617453282,"oupvCgP"
"715",1.90863809307327,-9.68066957088616,"oupvCgP"
"716",-3.81135873126053,-3.60602965716213,"oupvCgP"
"717",18.6829639026199,0.437017497161614,"oupvCgP"
"718",13.3540542500183,-6.393308645666,"oupvCgP"
"719",15.2112799732162,1.29656543453377,"oupvCgP"
"720",3.05448644683945,-1.55543881523742,"oupvCgP"
"721",4.88409224147911,-7.36407114592039,"oupvCgP"
"722",17.6563282968788,0.460229374697756,"oupvCgP"
"723",-0.10310754886294,-4.9330510706855,"oupvCgP"
"724",-0.738965555287725,-15.181385996784,"oupvCgP"
"725",8.86175227725478,-0.41890986507581,"oupvCgP"
"726",6.09818335032368,2.21629427247034,"oupvCgP"
"727",-1.96864504219909,1.81769989968333,"oupvCgP"
"728",12.2242406889975,-3.77521185830648,"oupvCgP"
"729",14.4956824868155,-10.8173990367003,"oupvCgP"
"730",15.82643049161,-13.0892950724384,"oupvCgP"
"731",3.85277282303485,-9.88132884102961,"oupvCgP"
"732",9.90581978677057,-3.00831944592358,"oupvCgP"
"733",-6.52909379907717,-5.25648455751483,"oupvCgP"
"734",7.44400148201044,3.55214376696958,"oupvCgP"
"735",0.902689560395209,-12.1215882660776,"oupvCgP"
"736",-7.031076145811,-7.04647235483031,"oupvCgP"
"737",5.139439069061,-8.71210953475382,"oupvCgP"
"738",6.14682924155566,-1.83633315004522,"oupvCgP"
"739",-0.281526594695292,-10.4819803478496,"oupvCgP"
"740",10.9662870674065,-8.49370944797877,"oupvCgP"
"741",11.8105545465639,4.24833614807147,"oupvCgP"
"742",-4.58064591545987,1.83330872692085,"oupvCgP"
"743",10.6799197056608,-6.98786067473029,"oupvCgP"
"744",3.88345426418055,5.23288308780205,"oupvCgP"
"745",-0.297663299100524,-7.44175654964018,"oupvCgP"
"746",3.69291396314417,8.08859117547424,"oupvCgP"
"747",-4.98590767669515,-0.79599396431335,"oupvCgP"
"748",17.667198528026,5.19967283087612,"oupvCgP"
"749",2.86628654653671,2.23279015484512,"oupvCgP"
"750",17.3536353806569,1.46477524350613,"oupvCgP"
"751",14.1203516367495,-5.41392110589467,"oupvCgP"
"752",-4.17872865011937,-1.25118773123169,"oupvCgP"
"753",-5.51678468808341,-3.33845873719076,"oupvCgP"
"754",3.99980582754537,-8.19680994788847,"oupvCgP"
"755",-5.71758027358604,-2.83997014620033,"oupvCgP"
"756",14.0395825279513,5.94657868919815,"oupvCgP"
"757",16.3076566090746,-9.50625869177624,"oupvCgP"
"758",-4.43532890968446,-11.7671727066604,"oupvCgP"
"759",-9.95132241172782,-5.92980276960005,"oupvCgP"
"760",10.8054730434393,-4.25793802525193,"oupvCgP"
"761",12.0640637800813,5.82526802846524,"oupvCgP"
"762",12.0158892889706,7.01338835448514,"oupvCgP"
"763",-3.94261514939053,1.26334296020732,"oupvCgP"
"764",2.27332289307857,-9.44081853853595,"oupvCgP"
"765",15.5268339904203,-9.23476751134616,"oupvCgP"
"766",6.25210447268455,2.03026156588965,"oupvCgP"
"767",3.93223635154635,-8.1845124600785,"oupvCgP"
"768",9.35792082054925,-2.73714988448076,"oupvCgP"
"769",4.95059242517914,3.61204614765521,"oupvCgP"
"770",4.48434622424831,6.10219701138244,"oupvCgP"
"771",17.2860842085832,-1.63747535765938,"oupvCgP"
"772",0.981347199541441,-11.0524572924451,"oupvCgP"
"773",-0.68037779595036,0.770068684730374,"oupvCgP"
"774",15.1241745905635,-8.91791569474171,"oupvCgP"
"775",8.98462453750398,-1.96977985773049,"oupvCgP"
"776",10.5617862329119,-3.70745276426598,"oupvCgP"
"777",-2.78509520582679,-1.41940980456607,"oupvCgP"
"778",-6.03572006869864,-2.82525336520113,"oupvCgP"
"779",3.3498345506778,4.06851014820528,"oupvCgP"
"780",12.5815000358858,-9.40030126005709,"oupvCgP"
"781",14.7042683560684,-8.08155803435281,"oupvCgP"
"782",19.8275962020949,5.98727538236511,"oupvCgP"
"783",11.1560567217717,-4.97976032866593,"oupvCgP"
"784",17.2772148870817,3.96296558857801,"oupvCgP"
"785",19.256075414426,3.80908794505816,"oupvCgP"
"786",5.47987992417436,-0.445449132776933,"oupvCgP"
"787",-2.84023126746174,-10.2347067880136,"oupvCgP"
"788",0.84679255787191,-8.01536118365064,"oupvCgP"
"789",-2.63375490237346,-1.28323595624764,"oupvCgP"
"790",11.4262593205652,6.23037659071761,"oupvCgP"
"791",2.68670361717018,-8.41823089999588,"oupvCgP"
"792",16.1293933266009,6.2636436396962,"oupvCgP"
"793",-7.99978949160412,-1.80936280009054,"oupvCgP"
"794",13.8307457547943,-5.3412146254768,"oupvCgP"
"795",6.15777567808788,-2.28182137704952,"oupvCgP"
"796",16.5722419327386,3.09688661279617,"oupvCgP"
"797",-7.7551201706984,-4.72328220055907,"oupvCgP"
"798",15.3577143248668,3.23831994995033,"oupvCgP"
"799",13.9411213535823,0.0801122432434278,"oupvCgP"
"800",2.72119030793125,-12.6549650183454,"oupvCgP"
"801",17.9294428327568,5.56637938168803,"oupvCgP"
"802",16.4832370197413,0.729338990081432,"oupvCgP"
"803",18.9929587038665,2.27591718973662,"oupvCgP"
"804",-5.33619702674814,-0.165682335520043,"oupvCgP"
"805",2.72148616506621,-3.42417213753653,"oupvCgP"
"806",8.33343937366678,-6.9386640025865,"oupvCgP"
"807",12.9020167301209,-9.13774446365377,"oupvCgP"
"808",18.1548958256421,0.245417428111538,"oupvCgP"
"809",14.7108059189999,-1.02056987809994,"oupvCgP"
"810",6.91661634245152,-1.83351029679264,"oupvCgP"
"811",3.50539657926906,-11.5775296829532,"oupvCgP"
"812",-7.57373485641252,-5.87198023071897,"oupvCgP"
"813",19.8634084839416,5.71749400767552,"oupvCgP"
"814",2.96508091743912,-1.82014157180202,"oupvCgP"
"815",-5.55824466617883,-5.89648177816314,"oupvCgP"
"816",-4.5461619406227,-3.34761836836588,"oupvCgP"
"817",5.35536709920242,-3.31145561531207,"oupvCgP"
"818",10.2488337571851,-7.64262842333897,"oupvCgP"
"819",18.0917713231983,10.9645306094672,"oupvCgP"
"820",-3.5124715647551,3.38594132010659,"oupvCgP"
"821",2.01944067669879,-9.62090330753086,"oupvCgP"
"822",17.7256238612703,-2.79073866378363,"oupvCgP"
"823",11.9085960591367,-7.09844904441559,"oupvCgP"
"824",14.175741037696,2.66684668435266,"oupvCgP"
"825",1.78830804792918,-6.00949162411406,"oupvCgP"
"826",15.963847684148,-4.83541661961226,"oupvCgP"
"827",-5.48399352647687,5.43667746020475,"oupvCgP"
"828",-4.65726272562914,-4.53960286082924,"oupvCgP"
"829",16.1272023751002,7.79384189312553,"oupvCgP"
"830",2.01483650624669,4.04996370229726,"oupvCgP"
"831",12.7861692912081,-6.25003368638124,"oupvCgP"
"832",12.5435351387033,-6.38698149320993,"oupvCgP"
"833",15.098666958518,1.30810933178464,"oupvCgP"
"834",-7.19014584932562,-8.63785686414901,"oupvCgP"
"835",-1.54474202762851,-9.24242310198669,"oupvCgP"
"836",4.06817841890599,1.46783125203528,"oupvCgP"
"837",6.65314504975575,-0.101939097831015,"oupvCgP"
"838",5.4042495175975,-0.846468574048982,"oupvCgP"
"839",7.11248634306002,2.0405102317408,"oupvCgP"
"840",15.3992484504287,7.38619914717342,"oupvCgP"
"841",20.2970490460212,7.11987579190806,"oupvCgP"
"842",-0.0131568289923818,-8.44039755510027,"oupvCgP"
"843",20.6865438185057,6.73119073573621,"oupvCgP"
"844",2.68544624684932,-11.2866242732103,"oupvCgP"
"845",3.37345534503099,-6.71562019434074,"oupvCgP"
"846",2.75383782764346,-10.8480013075811,"oupvCgP"
"847",4.78486878667967,-4.36258047114896,"oupvCgP"
"848",19.129346897974,2.85515700898405,"oupvCgP"
"849",16.4265948569048,6.34171523758269,"oupvCgP"
"850",14.5078733161839,-5.52688537575285,"oupvCgP"
"851",12.1671952992833,-5.62811634004779,"oupvCgP"
"852",3.58586604709208,-0.210714538483536,"oupvCgP"
"853",3.80214055776907,3.79061851653928,"oupvCgP"
"854",11.6366874837844,-6.8698934455292,"oupvCgP"
"855",1.83591309008409,-9.96386942567089,"oupvCgP"
"856",-6.15746210226982,-1.50869768999535,"oupvCgP"
"857",-6.92930088353455,-2.50886764737385,"oupvCgP"
"858",2.93735962540735,-10.5544091844133,"oupvCgP"
"859",-4.58326438160828,-3.79397025280206,"oupvCgP"
"860",11.8999704848556,-8.48262969339025,"oupvCgP"
"861",6.51108700639257,4.68987297319561,"oupvCgP"
"862",13.7838589082746,7.95875452746844,"oupvCgP"
"863",16.3825438730653,-0.00150565249091539,"oupvCgP"
"864",11.4406906366374,-5.73617650434322,"oupvCgP"
"865",0.619904219663858,-8.18590360630088,"oupvCgP"
"866",2.68266554929795,-10.2312018710677,"oupvCgP"
"867",-7.57974296788675,-1.45670200457315,"oupvCgP"
"868",-0.211597446449755,-9.25348998142741,"oupvCgP"
"869",-7.53339963182828,1.53777520392634,"oupvCgP"
"870",3.75131942133515,-11.3254263858762,"oupvCgP"
"871",12.0149752984378,-8.00172347345594,"oupvCgP"
"872",20.9424368278875,0.729287425285223,"oupvCgP"
"873",17.5455621837225,5.39192863017471,"oupvCgP"
"874",-3.60608253765495,2.11743666815362,"oupvCgP"
"875",13.873429151787,10.2498033899866,"oupvCgP"
"876",12.5046177742909,-6.25228448240765,"oupvCgP"
"877",10.1774691741161,-4.93817479966668,"oupvCgP"
"878",6.33437282746637,1.97452335873562,"oupvCgP"
"879",4.61224986683641,0.497580122102693,"oupvCgP"
"880",-6.88524774608537,-1.1144480890886,"oupvCgP"
"881",15.123660388165,-9.38721205577028,"oupvCgP"
"882",13.856475578154,-9.19481867150637,"oupvCgP"
"883",-2.75457402557301,-6.58125814011626,"oupvCgP"
"884",15.6222910745565,4.9327092065316,"oupvCgP"
"885",8.2332289854983,2.96117217537667,"oupvCgP"
"886",4.79166569139248,-3.97004332304418,"oupvCgP"
"887",4.30012408053857,4.42593135382412,"oupvCgP"
"888",14.2794843016145,-7.36571926192844,"oupvCgP"
"889",1.56642659031747,-12.4676549048843,"oupvCgP"
"890",-0.439546267429045,-13.1311635975481,"oupvCgP"
"891",8.132667050883,-0.974859790885808,"oupvCgP"
"892",-6.27037919705637,1.22699007671756,"oupvCgP"
"893",0.13782889243433,-10.3705670473898,"oupvCgP"
"894",1.25562969460399,-7.9257150625275,"oupvCgP"
"895",-6.30996812626634,-1.89948173171592,"oupvCgP"
"896",0.00666947646460181,-11.1030216101734,"oupvCgP"
"897",-6.99331242317283,-4.78659911209349,"oupvCgP"
"898",-1.78121605394132,-3.67897661660414,"oupvCgP"
"899",-3.47183876908386,0.641677446136291,"oupvCgP"
"900",13.1368149253911,-7.71157105701668,"oupvCgP"
"901",-2.27323146095875,-0.760226682141695,"oupvCgP"
"902",-4.17332294838848,-0.991919102623862,"oupvCgP"
"903",24.7470211303286,3.13205919589639,"oupvCgP"
"904",19.9341011871433,2.91135491245224,"oupvCgP"
"905",15.1755329046292,-7.28825199526254,"oupvCgP"
"906",12.4910658711181,-5.63828660992315,"oupvCgP"
"907",3.42762945419798,-9.50790981741132,"oupvCgP"
"908",15.7963066232253,3.85310338950941,"oupvCgP"
"909",15.5801266791518,4.26822410998262,"oupvCgP"
"910",3.49822846350921,1.30191268998179,"oupvCgP"
"911",13.6580484014943,-0.466267553137997,"oupvCgP"
"912",15.9641193094481,7.9311865925398,"oupvCgP"
"913",11.1499658744684,-6.88239931704667,"oupvCgP"
"914",4.02084516200367,-1.77059704676037,"oupvCgP"
"915",11.5892305913596,5.57432121191047,"oupvCgP"
"916",15.4938261365934,-5.95066370459383,"oupvCgP"
"917",-9.89509920232922,1.82281306810533,"oupvCgP"
"918",13.5602347162408,-6.46258436004198,"oupvCgP"
"919",14.5908054686718,-7.91587226376427,"oupvCgP"
"920",-0.672687280365949,1.83656933335229,"oupvCgP"
"921",17.8188489805976,0.328221975017023,"oupvCgP"
"922",-7.88260828743723,-1.55017051732163,"oupvCgP"
"923",4.13019165826376,-13.9723480659235,"oupvCgP"
"924",0.144235328028178,-9.82037154578736,"oupvCgP"
"925",18.991466285615,2.88609669133138,"oupvCgP"
"926",15.3373907306928,4.08806660832444,"oupvCgP"
"927",3.36496505094843,-1.71089254781849,"oupvCgP"
"928",-5.9692939152021,-4.85234900949409,"oupvCgP"
"929",7.62488536671393,4.89621885622886,"oupvCgP"
"930",-1.79870973991214,-1.11537156143215,"oupvCgP"
"931",-4.44267601726164,-2.05674175312717,"oupvCgP"
"932",16.7532299078535,3.33772370236857,"oupvCgP"
"933",12.7889568885044,-6.41181810423531,"oupvCgP"
"934",2.3564494880748,-9.00661653199957,"oupvCgP"
"935",12.7909310872199,-4.72570101459566,"oupvCgP"
"936",5.93062728408725,0.0354559935341796,"oupvCgP"
"937",13.249323613589,-7.02689329969312,"oupvCgP"
"938",4.24408985170624,-9.53170880492721,"oupvCgP"
"939",12.4173993810679,-6.92333086552011,"oupvCgP"
"940",-6.6442192170965,-2.86275512999622,"oupvCgP"
"941",17.8524445779126,1.28719041341049,"oupvCgP"
"942",-3.82146407172379,-2.683414346452,"oupvCgP"
"943",20.9875907750279,3.11558559504319,"oupvCgP"
"944",14.7337486272998,-7.55416087051852,"oupvCgP"
"945",11.9894604326671,1.75054271682283,"oupvCgP"
"946",2.70281247497478,-13.6038749130502,"oupvCgP"
"947",16.9939963775197,5.30379018844041,"oupvCgP"
"948",3.13971473248365,-7.09088165506308,"oupvCgP"
"949",8.50072813428052,1.82115744657483,"oupvCgP"
"950",16.7812406110875,6.07715218843786,"oupvCgP"
"951",-7.57844719498125,1.63420854565571,"oupvCgP"
"952",-0.106342967419295,3.43615987269401,"oupvCgP"
"953",-0.151030677348056,-8.08181744337268,"oupvCgP"
"954",-6.08104032105611,-2.65570632675436,"oupvCgP"
"955",-5.42692151958271,0.541102731695406,"oupvCgP"
"956",-11.9576596028848,-0.284456471955011,"oupvCgP"
"957",-5.21426556138454,-0.43114798555118,"oupvCgP"
"958",7.24846273664735,0.383967703755662,"oupvCgP"
"959",-7.51396240045689,-6.37155931099079,"oupvCgP"
"960",7.13926366306212,0.808236105937852,"oupvCgP"
"961",0.241520541275685,-8.86389712678187,"oupvCgP"
"962",16.3272520758217,6.93311855504569,"oupvCgP"
"963",0.167666157822056,-1.25520774354989,"oupvCgP"
"964",0.218650205268218,-8.18882692770347,"oupvCgP"
"965",5.40197972216172,-9.47724511304367,"oupvCgP"
"966",11.2557910838547,-6.94850952866463,"oupvCgP"
"967",12.6606374402116,-6.52511175069707,"oupvCgP"
"968",12.8374884999649,-0.736903110992108,"oupvCgP"
"969",11.6601895039443,2.54636726116393,"oupvCgP"
"970",10.5375969845502,-4.94551703920829,"oupvCgP"
"971",20.555970249266,2.76722859702854,"oupvCgP"
"972",6.55998424302911,2.18273042836496,"oupvCgP"
"973",-8.93018331884239,-0.846234689369575,"oupvCgP"
"974",17.1147817267888,2.15153230013993,"oupvCgP"
"975",18.1841682042686,5.49714365676208,"oupvCgP"
"976",-4.76854669442949,0.650067522236707,"oupvCgP"
"977",-0.412448906002052,-10.3925435034533,"oupvCgP"
"978",14.5277523089008,-10.7089073522019,"oupvCgP"
"979",-6.27339697022357,-4.67590401117455,"oupvCgP"
"980",14.3576569406472,4.23765237460199,"oupvCgP"
"981",6.86253776755824,-1.90939949460974,"oupvCgP"
"982",0.195412734034427,-7.49336669803286,"oupvCgP"
"983",-3.65864251472683,-3.85170452893274,"oupvCgP"
"984",-3.82628152434054,-5.18397798268473,"oupvCgP"
"985",4.05949798064956,4.27554950291997,"oupvCgP"
"986",1.90063864505819,-6.44846824813041,"oupvCgP"
"987",15.9658700987832,-10.6518823933542,"oupvCgP"
"988",-6.68980378854597,-6.46464584499227,"oupvCgP"
"989",2.68711620326056,-7.73328586763283,"oupvCgP"
"990",3.9974447344797,-0.764941436355524,"oupvCgP"
"991",15.01556569012,-8.98434222267257,"oupvCgP"
"992",17.1472788154736,2.84662790814047,"oupvCgP"
"993",-10.3600617476254,3.007793692603,"oupvCgP"
"994",-4.22141308168641,0.0637699932826765,"oupvCgP"
"995",3.25409671434907,-11.1366988045586,"oupvCgP"
"996",-8.37320455111949,-1.85982800669853,"oupvCgP"
"997",15.6237334416175,0.675225313041807,"oupvCgP"
"998",14.3841261966524,-6.16881342576777,"oupvCgP"
"999",5.85815989656021,3.37832157109315,"oupvCgP"
"1000",-3.4480750504441,-5.92900732837742,"oupvCgP"
